Section,Section Title,Row,No,Description,Unit,Qty,Rate,Amount,Resource Type (edit me),Note
A,Structural Works,5,1,Survey & Tasleem Align Marking,Ls,1,20,20,Overhead,
A,Structural Works,6,2,Sub Contractor for the structure works,Ls,1,40102,40102,Subcontract,
A,Structural Works,7,3,Sub Contractor for the MEP works,Sqm,2721.6,3.8,10342.08,Subcontract,
A,Structural Works,8,4,Measuring Tape 5m,Nos,2,0.8,1.6,Material,
A,Structural Works,9,5,Excavation Contract,Ls,1,1400,1400,Subcontract,confirm
A,Structural Works,10,6,Backfilling equipment contract,Days,5,60,300,Equipment,hire contract — confirm
A,Structural Works,11,7,ATT,Sqm,450,0.265,119.25,Material,
A,Structural Works,12,8,Polythene sheet PCC Bottom + Grade slab Bottom + Concrete protection,Roll,35,5,175,Material,
A,Structural Works,13,9,PCC C15,m3,48,17,816,Material,
A,Structural Works,14,10,SRC - C40,m3,544,22,11968,Material,
A,Structural Works,15,11,OPC -C40,m3,1082,22,23804,Material,
A,Structural Works,16,12,SRC-C30 for the grade slab,m3,42,18,756,Material,
A,Structural Works,17,13,A-193- Mesh,Nos,30,6.6,198,Material,
A,Structural Works,18,14,Reinforcement,Ton ,226.5,287,65005.5,Material,
A,Structural Works,19,15,Binding Wire,KG,1200,0.6,720,Material,
A,Structural Works,20,16,Site Set up,Ls,1,1500,1500,Overhead,
A,Structural Works,21,17,Cement for the substructure works,Bag,50,1.53,76.5,Material,
A,Structural Works,22,18,Wash Sand,Trip ,1,70,70,Material,
A,Structural Works,23,19,Bitumen Paint,Drum,4,45,180,Material,
B,Shuttering Materials,26,1,Plywood 18mm,Nos,350,6,2100,Material,
B,Shuttering Materials,27,2,"White Wood 1""4""",Nos,180,1.45,261,Material,
B,Shuttering Materials,28,3,"White Wood 2""*3""",Nos,1350,1.7,2295,Material,
B,Shuttering Materials,29,5,Doka System for the scaffolding,Month,8,750,6000,Equipment,
B,Shuttering Materials,30,6,Nail,Ls,1,800,800,Material,
B,Shuttering Materials,31,7,Shuttering Tape,Qtn,25,3,75,Material,
B,Shuttering Materials,32,8,C-Clamp,Nos ,300,0.7,210,Material,
B,Shuttering Materials,33,9,Tie Rod,Ls,800,1,800,Material,
B,Shuttering Materials,34,10,25mm Conduit Pipe,Nos ,350,0.4,140,Material,
C,Block Works,37,1,100 mm thick Bottom Closed Blockes,Nos,10000,0.15,1500,Material,
C,Block Works,38,2,200mm thick bottom Closed Blocks,Nos,63000,0.16,10080,Material,
C,Block Works,39,3,Tower Hoist Diesl engine lift,Nos,1,2750,2750,Material,
C,Block Works,40,4,Hoist Installation,ls,1,200,200,Material,
C,Block Works,41,5,Cement for Block work,Bag,1500,1.37,2055,Material,
C,Block Works,42,6,Aggregate,Trip,3,50,150,Material,
C,Block Works,43,7,Water Hose,Roll ,2,5.6,11.2,Material,
C,Block Works,44,8,Diesel for lift,Ls,1,300,300,Material,
C,Block Works,45,9,Wash Sand,Trip,20,70,1400,Material,
C,Block Works,46,10,Block for 2 floor shifting,Trip,20,25,500,Material,
D,Plaster,49,1,Plaster Internal Labour Contract,Sqm,9710,0.9,8739,Labour,
D,Plaster,50,2,Plaster External Labour Contract,Sqm,1300,1.6,2080,Labour,
D,Plaster,51,3,Plaster sand for Internal & External,Trip,20,110,2200,Material,
D,Plaster,52,4,Cement for the Plaster,Bag,1500,1.37,2055,Material,
D,Plaster,53,5,Plaster Mesh,Ls,70,1,70,Material,
D,Plaster,54,6,Corner Beeding Internal,Nos,500,0.8,400,Material,
D,Plaster,55,7,Corner Beeding for External,Nos,500,1.2,600,Material,
D,Plaster,56,8,Water Hose,Roll ,1,5.6,5.6,Material,
D,Plaster,57,9,External Scaffolding,Ls,1,4000,4000,Equipment,
E,Tiles,61,1,60*60 CM Porcelain Floor Tiles,Sqm,1650,2,3300,Material,sheet sub-heading
E,Tiles,62,2,60*120 CM Porcelain Floor Tiles,Sqm,180,2.8,503.99999999999994,Material,sheet sub-heading
E,Tiles,63,3,30*60 CM Ceramic Wall Tiles Toilet,Sqm,1500,1.8,2700,Material,sheet sub-heading
E,Tiles,64,4,Ceramic Wall Tiles Kitchen,Sqm,70,1.8,126,Material,sheet sub-heading
E,Tiles,65,5,30*30 CM Ceramic Floor Tile,Sqm,450,1.8,810,Material,sheet sub-heading
E,Tiles,66,6,60*10 CM Skirting,RM,1700,0.3,510,Material,sheet sub-heading
E,Tiles,67,7,120*10 CM Skirting (Included above),RM,200,0.3,60,Material,sheet sub-heading
E,Tiles,68,8,Tile Adhessive,Bag,1680,1.2,2016,Material,sheet sub-heading
E,Tiles,69,9,Wash Sand,Trip,18,60,1080,Material,sheet sub-heading
E,Tiles,70,10,Cement,Bag ,1200,1.37,1644.0000000000002,Material,sheet sub-heading
E,Tiles,71,11,Tile Grout,Bag,25,1.2,30,Material,sheet sub-heading
E,Tiles,72,12,Marble steps,RM,180,5,900,Material,sheet sub-heading
E,Tiles,73,13,White Cement,Bag ,100,2.4,240,Material,sheet sub-heading
E,Tiles,74,14,Tile Spacer,PKT ,300,0.3,90,Material,sheet sub-heading
E,Tiles,75,15,Tile Protection Board,Sqm,1500,0.5,750,Material,sheet sub-heading
E,Tiles,77,16,60*60 CM Porcelain Floor Tiles,Sqm,1650,1.5,2475,Labour,sheet sub-heading
E,Tiles,78,17,60*120 CM Porcelain Floor Tiles,Sqm,180,1.6,288,Labour,sheet sub-heading
E,Tiles,79,18,30*60 CM Ceramic Wall Tiles,Sqm,1500,2,3000,Labour,sheet sub-heading
E,Tiles,80,19,30*30 CM Ceramic Floor Tile,Sqm,450,2,900,Labour,sheet sub-heading
E,Tiles,81,20,60*10 CM Skirting,RM,1900,0.6,1140,Labour,sheet sub-heading
E,Tiles,82,22,Marble steps/Granite steps,RM,180,5,900,Labour,sheet sub-heading
E,Tiles,83,23,Labour charge for the marble,RM,180,2,360,Labour,sheet sub-heading
F,Paint,86,1,Painting works internal & External Labour Charge,Sqm,2721,1.8,4897.8,Labour,
F,Paint,87,2,Materials Charge for the Paint,Sqm,2721,1.35,3673.3500000000004,Material,'materials charge'
F,Paint,88,3,Gypsum,Bag,70,1.25,87.5,Material,
F,Paint,89,4,White Cement,Bag,50,2.47,123.50000000000001,Material,
F,Paint,90,5,Masking tape,Ctn ,50,2.5,125,Material,
F,Paint,91,6,Sand Paper,Pkt,8,2.2,17.6,Material,
F,Paint,92,7,Epoxy Paint in steps,ls,1,600,600,Material,
G,Carpentry Works,95,1,D5 - 1000 X 2200,Nos,37,80,2960,Material,
G,Carpentry Works,96,2,D6 - 800 X 2200,Nos,22,73,1606,Material,
G,Carpentry Works,97,3,D7 - 1000 X 2200,Nos,1,80,80,Material,
G,Carpentry Works,98,4,D8 - 1100 X 2200 - Fire Door - 60 Minute,Nos,35,108,3780,Material,
G,Carpentry Works,99,5,D9 - 900 X 2200,Nos,50,78,3900,Material,
G,Carpentry Works,100,6,D4 - 1200 X 2200,Nos,4,90,360,Material,
G,Carpentry Works,101,7,D3 - 1000* 2200 - Fire Door - 90 Minute,Nos,11,148,1628,Material,
H,Roofing Works,104,1,Light weight Concrete,m3,32,22,704,Material,
H,Roofing Works,105,2,Waterproofing memberane 4mm Thick,m2,500,1.65,825,Material,
H,Roofing Works,106,3,Polythene sheet laying,Roll,6,5.6,33.599999999999994,Material,
H,Roofing Works,107,4,Tiles 30*30*3cm,sqm,430,2,860,Material,
H,Roofing Works,108,5,Tiles 30*10*3cm - Skirting,RM,200,1,200,Material,
H,Roofing Works,109,6,Sand,Trip,3,60,180,Material,
H,Roofing Works,110,7,Ordinary Cement,Bag,120,1.37,164.4,Material,
H,Roofing Works,111,8,White Cement for the pointing,Bag,30,2.6,78,Material,
H,Roofing Works,112,9,Tiles laying Charge,sqm,430,2,860,Material,
H,Roofing Works,113,10,Tiles Shirting Laying Charge,RM,200,0.5,100,Material,
I,Finishing Works,116,1,Lift Supply and Installation,Nos,2,9000,18000,Material,
I,Finishing Works,117,2,Kitchen Cabinet Including the appliances for 1 BHK,Nos,35,537,18795,Material,
I,Finishing Works,118,3,Kitchen Hood & Electric induction stove,Nos,35,50,1750,Material,
I,Finishing Works,119,5,Swimming Pool,Items,1,8000,8000,Material,
I,Finishing Works,120,6,Swimming Pool Deck,Items,1,2000,2000,Material,
I,Finishing Works,121,7,GYM,Items,1,1000,1000,Material,
I,Finishing Works,122,8,Aluminum Full Package,Items,1,24500,24500,Material,
I,Finishing Works,123,9,Staircase HandRails,RM ,73,15,1095,Material,
I,Finishing Works,124,10,False Ceiling Works,Ls,1,3000,3000,Material,
J,External Works,127,1,External Interlock works (Labour),Sqm,240,0.8,192,Labour,suffix says labour
J,External Works,128,2,Kerbstone Sub Contractor (Labour),RM,50,1.3,65,Labour,suffix says labour
J,External Works,129,3,Wash sand for the external works,Trip,4,70,280,Material,
J,External Works,130,4,Cement for the External works,Bag,75,1.37,102.75000000000001,Material,
J,External Works,131,5,Dune Sand/ Plaster Sand,Trip,3,110,330,Material,
J,External Works,132,6,External Interlock works (Material),Sqm,240,2,480,Material,suffix says material
J,External Works,133,7,Kerbstone Sub Contractor (Material),RM,50,2,100,Material,suffix says material
K,General Works,136,1,Cleaning Works,Ls,1,1000,1000,Material,
K,General Works,137,2,Debris Removal,Ls,1,600,600,Material,
K,General Works,138,3,Water for the Site and Camp,Month,18,100,1800,Material,
K,General Works,139,4,Electricity for the site and camp,Month,20,50,1000,Material,
K,General Works,140,5,Repair Maintenance work with materials shifting,Ls,1,900,900,Material,
K,General Works,141,6,Tarpalin,Nos,2,15.5,31,Material,
K,General Works,142,7,Green Net,Nos,10,13,130,Material,
K,General Works,143,8,Polythene Sheet,Roll,20,5.6,112,Material,
L,Electrical Installation DP,147,1,MDB -1,Nos,1,750,750,Material,
L,Electrical Installation DP,148,2,MDB-3,Nos,1,750,750,Material,
L,Electrical Installation DP,149,3,Rubber Mat,Ls ,1,40,40,Material,
L,Electrical Installation DP,150,4,14 Way SPN DB,Nos,35,17.7,619.5,Material,
L,Electrical Installation DP,151,5,12 Way SPN DB,Nos,12,53.3,639.5999999999999,Material,
L,Electrical Installation DP,152,6,8 Way SPN DB,Nos,1,46.7,46.7,Material,
L,Electrical Installation DP,153,7,"ELCB 63A 100MA, 2P",Nos ,35,15,525,Material,
L,Electrical Installation DP,154,8,"Isolator 63A, 2P",Nos,35,4.4,154,Material,
L,Electrical Installation DP,155,9,"ELCB 100A 100MA,4P",Nos,13,28.8,374.40000000000003,Material,
L,Electrical Installation DP,156,10,"Isolator 100A, 4P",Nos,13,9.1,118.3,Material,
L,Electrical Installation DP,157,11,MCB 6A SP 6KA,Nos,222,1.4,310.79999999999995,Material,
L,Electrical Installation DP,158,12,MCB 10A SP 10KA,Nos,93,1.4,130.2,Material,
L,Electrical Installation DP,159,13,MCB 16A SP 6KA,Nos,35,1.4,49,Material,
L,Electrical Installation DP,160,14,MCB 20A SP 10KA,Nos,218,1.55,337.90000000000003,Material,
L,Electrical Installation DP,161,15,MCB 10A SP 6KA,Nos,48,1.4,67.19999999999999,Material,
L,Electrical Installation DP,162,16,16A RCD SP,Nos,122,10,1220,Material,
L,Electrical Installation DP,163,17,20 A RCD SP,Nos,35,10,350,Material,
M,ELECTRICAL LV Cables & Wires,167,1,"4C X 240 sqmm XLPE/SWA/PVC/Cu Cable + 1C X 120 sqmm ECC from Feeder Pillar to MDB-01,02 & 03",RM ,68,38,2584,Material,
M,ELECTRICAL LV Cables & Wires,168,2,4C X 25 SQMM XLPE Cable + 1C X 16 SQMM Y/G ECC,RM ,60,8.7,522,Material,
M,ELECTRICAL LV Cables & Wires,169,3,4C X 16 SQMM XLPE Cable + 1C X 16 SQMM Y/G ECC for Lift 1 & 2,RM ,70,4.5,315,Material,
M,ELECTRICAL LV Cables & Wires,170,4,4C X 10 SQMM XLPE Cable + 1C X 10 SQMM Y/G ECC for Fire Pump,RM ,25,3.5,87.5,Material,
M,ELECTRICAL LV Cables & Wires,171,5,4C X 6 SQMM XLPE Cable + 1C X 6 SQMM Y/G ECC for Tran. Pump,RM ,20,3.27,65.4,Material,
M,ELECTRICAL LV Cables & Wires,172,6,4C X 4 SQMM XLPE Cable + 1C X 4 SQMM Y/G ECC for Booster Pump,RM ,70,2.56,179.20000000000002,Material,
M,ELECTRICAL LV Cables & Wires,173,7,2C X 35 sqmm XLPE/PVC/Cu Cable + 1C X 16 sqmm Y/G ECC for DB,RM ,1200,6.65,7980,Material,
M,ELECTRICAL LV Cables & Wires,174,8,1.5mm Red Wire,Roll,80,5.39,431.2,Material,
M,ELECTRICAL LV Cables & Wires,175,9,1.5mm Yellow Wire,Roll,4,5.39,21.56,Material,
M,ELECTRICAL LV Cables & Wires,176,10,1.5mm Blue Wire,Roll,4,5.39,21.56,Material,
M,ELECTRICAL LV Cables & Wires,177,11,1.5mm Black Wire,Roll,30,5.39,161.7,Material,
M,ELECTRICAL LV Cables & Wires,178,12,1.5mm Y/G  Wire,Roll,65,5.39,350.34999999999997,Material,
M,ELECTRICAL LV Cables & Wires,179,13,2.5mm Red Wire,Roll,36,8.9,320.40000000000003,Material,
M,ELECTRICAL LV Cables & Wires,180,14,2.5mm Yellow Wire,Roll,4,8.9,35.6,Material,
M,ELECTRICAL LV Cables & Wires,181,15,2.5mm Blue Wire,Roll,4,8.9,35.6,Material,
M,ELECTRICAL LV Cables & Wires,182,16,2.5mm Black Wire,Roll,44,8.9,391.6,Material,
M,ELECTRICAL LV Cables & Wires,183,17,2.5mm Y/G  Wire,Roll,44,8.9,391.6,Material,
M,ELECTRICAL LV Cables & Wires,184,18,4 mm Red Wire,Roll,28,13.3,372.40000000000003,Material,
M,ELECTRICAL LV Cables & Wires,185,19,4 mm Yellow Wire,Roll,2,13.3,26.6,Material,
M,ELECTRICAL LV Cables & Wires,186,20,4 mm Blue Wire,Roll,2,13.3,26.6,Material,
M,ELECTRICAL LV Cables & Wires,187,21,4 mm Black Wire,Roll,32,13.3,425.6,Material,
M,ELECTRICAL LV Cables & Wires,188,22,4 mm Y/G  Wire,Roll,32,13.3,425.6,Material,
M,ELECTRICAL LV Cables & Wires,189,23,6 mm Red Wire,Roll,7,21,147,Material,
M,ELECTRICAL LV Cables & Wires,190,24,6 mm Yellow Wire,Roll,0,0,0,Material,
M,ELECTRICAL LV Cables & Wires,191,25,6 mm Blue Wire,Roll,0,0,0,Material,
M,ELECTRICAL LV Cables & Wires,192,26,6 mm Black Wire,Roll,6,21,126,Material,
M,ELECTRICAL LV Cables & Wires,193,27,6 mm Y/G  Wire,Roll,6,21,126,Material,
M,ELECTRICAL LV Cables & Wires,194,28,Accessories for the cable termination,Ls,1,350,350,Material,
M,ELECTRICAL LV Cables & Wires,195,29,600 x 100 mm GI Cable Tray,RM ,80,16.3,1304,Material,
M,ELECTRICAL LV Cables & Wires,196,30,150 x 100 mm GI Cable Tray,RM ,11,8.5,93.5,Material,
M,ELECTRICAL LV Cables & Wires,197,31,20mm PVC flexible hose pipe,Roll,16,2.3,36.8,Material,
M,ELECTRICAL LV Cables & Wires,198,32,25mm PVC flexible hose pipe,Roll,0,0,0,Material,
M,ELECTRICAL LV Cables & Wires,199,33,PVC 4mm Numbering ferrol,Ls,1,15,15,Material,
M,ELECTRICAL LV Cables & Wires,200,34,Insulation tape,Nos,150,0.12,18,Material,
M,ELECTRICAL LV Cables & Wires,201,35,6mm PVC Fisher,Box,23,0.3,6.8999999999999995,Material,
M,ELECTRICAL LV Cables & Wires,202,36,6mm Hedden screw for fisher,Box,23,0.75,17.25,Material,
M,ELECTRICAL LV Cables & Wires,203,37,65mm pvc round dummary cover,Nos,800,0.08,64,Material,
M,ELECTRICAL LV Cables & Wires,204,38,3*3 Dummy cover white,Nos,90,0.9,81,Material,
M,ELECTRICAL LV Cables & Wires,205,39,3*6 Dummy cover white,Nos,50,0.14,7.000000000000001,Material,
M,ELECTRICAL LV Cables & Wires,206,40,20mm PVC Conduit,Nos,4150,0.17,705.5,Material,
M,ELECTRICAL LV Cables & Wires,207,41,25mm PVC Conduit,Nos,450,0.28,126.00000000000001,Material,
M,ELECTRICAL LV Cables & Wires,208,42,20mm PVC Coupler,Nos,8500,0.02,170,Material,
M,ELECTRICAL LV Cables & Wires,209,43,25 mm PVC Coupler,Nos,950,0.05,47.5,Material,
M,ELECTRICAL LV Cables & Wires,210,44,3*3 GI  Junction Box,Nos,1215,0.12,145.79999999999998,Material,
M,ELECTRICAL LV Cables & Wires,211,45,3*6 GI Junction Box,Nos,125,0.18,22.5,Material,
M,ELECTRICAL LV Cables & Wires,212,46,20mm PVC female adaptor,Nos,3100,0.06,186,Material,
M,ELECTRICAL LV Cables & Wires,213,47,25 mm PVC female adaptor,Nos,320,0.08,25.6,Material,
M,ELECTRICAL LV Cables & Wires,214,48,Solvent Cement 500ml can,Nos ,125,0.88,110,Material,
M,ELECTRICAL LV Cables & Wires,215,49,Electrical Room Chequred Plate Works,Ls,1,500,500,Material,
N,Lighting,218,1,GF Shops Light,Nos,127,2,254,Material,
N,Lighting,219,2,"Electric Room, Guard room, Telecom room,",Nos,6,2,12,Material,
N,Lighting,220,3,GF Corridors,Nos,15,2,30,Material,
N,Lighting,221,4,"Balcony, Bathroom, Flat, Lobby, Staircase",Nos,345,1.3,448.5,Material,
N,Lighting,222,5,GF Extaernal wall,Nos,17,2,34,Material,
N,Lighting,223,6,All Bedrooms,Nos,70,2.5,175,Material,
N,Lighting,224,7,Kitchen,Nos,71,1.5,106.5,Material,
N,Lighting,225,8,Hall,Nos,70,2.5,175,Material,
N,Lighting,226,9,Bell Push Button,Nos,36,2,72,Material,
N,Lighting,227,10,9W Led Mirror Light with Built in Driver - IP44,Nos,73,1.3,94.9,Material,
O,Switch and Socket,230,1,"One Gang one way switch, 10 A",Nos,146,0.58,84.67999999999999,Material,
O,Switch and Socket,231,2,"Two Gang one way switch, 10 A",Nos,108,0.75,81,Material,
O,Switch and Socket,232,3,"Three Gang one way switch, 10 A",Nos,134,0.9,120.60000000000001,Material,
O,Switch and Socket,233,4,"One Gang Two way switch, 10 A",Nos,20,0.58,11.6,Material,
O,Switch and Socket,234,5,13A Single switched socket,Nos ,212,1.5,318,Material,
O,Switch and Socket,235,6,13 A Twin Switched Socket,Nos ,178,0.85,151.29999999999998,Material,
O,Switch and Socket,236,7,"13A Single switched socket, W/P",Nos ,40,1.35,54,Material,
O,Switch and Socket,237,8,20A DP Switch,Nos ,201,1,201,Material,
O,Switch and Socket,238,9,20A Fuse outlet,Nos ,120,0.58,69.6,Material,
O,Switch and Socket,239,10,"20A Isolator SPN, W/P",Nos ,101,2,202,Material,
O,Switch and Socket,240,11,"32A,4P, Isolator, W/P",Nos ,3,6,18,Material,
O,Switch and Socket,241,12,Floor Box,Nos ,3,2.5,7.5,Material,
O,Switch and Socket,242,13,Cooked Control Unit,Nos ,35,0.58,20.299999999999997,Material,
O,Switch and Socket,243,14,Water Heater Flex outlet,Nos ,71,0.58,41.18,Material,
O,Switch and Socket,244,15,"63A,4P Isolator for Lifts",Nos ,2,4.5,9,Material,
O,Switch and Socket,245,16,Isolator for fire Pump,Nos ,1,3.8,3.8,Material,
P,ELV WORKS,248,1,SMA TV phese plate outlet,Ls,1,864,864,Material,
P,ELV WORKS,249,2,"Video Door Phone 7"" Screen",Nos,35,34,1190,Material,
P,ELV WORKS,250,3,Video Door Phone POE Switch,Nos,35,2,70,Material,
P,ELV WORKS,251,4,Main Door Access Control System,Nos,1,120,120,Material,
P,ELV WORKS,252,5,CCTV in Door,Nos,6,20,120,Material,
P,ELV WORKS,253,6,CCTV out Door,Nos,6,21,126,Material,
P,ELV WORKS,254,7,"43"" LED Monitor",Nos,1,58,58,Material,
P,ELV WORKS,255,8,CCTV Rack with all accessories,Nos,1,120,120,Material,
P,ELV WORKS,256,9,Other ACCESSORIES - CAT 6,Roll,10,14,140,Material,
P,ELV WORKS,257,10,Cable for TV,Roll,12,12.5,150,Material,
P,ELV WORKS,258,11,TV OutLet,Nos,71,1.2,85.2,Material,
P,ELV WORKS,259,12,Data Outlet,Nos,71,2.2,156.20000000000002,Material,
Q,"First Fix (Concealed - Concrete,Block)",264,1,25mm PPR Pipe,Nos,330,1.15,379.49999999999994,Material,
Q,"First Fix (Concealed - Concrete,Block)",265,2,25mm Dia HPVC Pipe,Nos,60,0.95,57,Material,
Q,"First Fix (Concealed - Concrete,Block)",266,3,25mm HPVC 90 degree elbow,Nos,257,0.09,23.13,Material,
Q,"First Fix (Concealed - Concrete,Block)",267,4,25mm HPVC 45 degree elbow,Nos,70,0.09,6.3,Material,
Q,"First Fix (Concealed - Concrete,Block)",268,5,40 mm dia pipe UPVC,Nos,198,0.85,168.29999999999998,Material,
Q,"First Fix (Concealed - Concrete,Block)",269,6,110MM UPVC Pipe,Nos,80,2.1,168,Material,
Q,"First Fix (Concealed - Concrete,Block)",270,7,160mm UPVC Pipe,Nos,8,5.8,46.4,Material,
Q,"First Fix (Concealed - Concrete,Block)",271,8,50mm UPVC Socket,Nos,90,0.13,11.700000000000001,Material,
Q,"First Fix (Concealed - Concrete,Block)",272,9,50mm UPVC Pipe,Nos,340,1.08,367.20000000000005,Material,
Q,"First Fix (Concealed - Concrete,Block)",273,10,40mm upvc 90 Degree Elbow,Nos,208,0.12,24.96,Material,
Q,"First Fix (Concealed - Concrete,Block)",274,11,40mm UPVC 45 Degree Elbow,Nos,170,0.12,20.4,Material,
Q,"First Fix (Concealed - Concrete,Block)",275,12,110mm 90 dgree elbow UPVC,Nos,13,0.45,5.8500000000000005,Material,
Q,"First Fix (Concealed - Concrete,Block)",276,13,110mm 45 dgree elbow UPVC,Nos,8,0.4,3.2,Material,
Q,"First Fix (Concealed - Concrete,Block)",277,14,110mm UPVC Tee,Nos,6,0.55,3.3000000000000003,Material,
Q,"First Fix (Concealed - Concrete,Block)",278,15,4*4*6 Gully Trap,Nos,1,3,3,Material,
Q,"First Fix (Concealed - Concrete,Block)",279,16,Solvent Cement,Nos,40,1.5,60,Material,
R,Second Fix,282,1,25mm PPR Pipe,Nos,740,1.15,850.9999999999999,Material,
R,Second Fix,283,2,32mm PPR Pipe,Nos,212,1.9,402.79999999999995,Material,
R,Second Fix,284,3,25mm dia HPVC Pipe,Nos,70,0.95,66.5,Material,
R,Second Fix,285,4,40mm dia UPVC Pipe,Nos,140,0.85,119,Material,
R,Second Fix,286,5,82mm UPVC Pipe,Nos,70,1.95,136.5,Material,
R,Second Fix,287,6,110mm UPVC Pipe,Nos,170,2.1,357,Material,
R,Second Fix,288,7,160mm UPVC Pipe,Nos,30,5.8,174,Material,
R,Second Fix,289,8,200mm UPVC Pipe,Nos,60,2.1,126,Material,
R,Second Fix,290,9,110mm dia UPVC Pipe (Exhaust Pipe),Nos,445,0.12,53.4,Material,
R,Second Fix,291,10,40mm UPVC 90 Degree Elbow,Nos,445,0.12,53.4,Material,
R,Second Fix,292,11,40mm UPVC 45 Degree Elbow,Nos,240,0.14,33.6,Material,
R,Second Fix,293,12,40mm Tee UPVC,Nos,252,0.34,85.68,Material,
R,Second Fix,294,13,40mm Threded endcap UPVC,Nos,120,0.28,33.6,Material,
R,Second Fix,295,14,82mm 90 Degree Elbow UPVC,Nos,140,0.45,63,Material,
R,Second Fix,296,15,82mm 45 Degree Elbow UPVC,Nos,85,0.45,38.25,Material,
R,Second Fix,297,16,82mm Tee UPVC,Nos,138,0.4,55.2,Material,
R,Second Fix,298,17,82mm Threded Endcap UPVC,Nos,62,0.4,24.8,Material,
R,Second Fix,299,18,110mm 90 degree Elbow UPVC,Nos,18,0.3,5.3999999999999995,Material,
R,Second Fix,300,19,110mm 90 Degree Elbow (Exhaust) UPVC,Nos,48,0.3,14.399999999999999,Material,
R,Second Fix,301,20,110mm 45 degree Elbow UPVC,Nos,41,0.3,12.299999999999999,Material,
R,Second Fix,302,21,110mm 45 degree Elbow (Exhaust) UPVC,Nos,10,0.4,4,Material,
R,Second Fix,303,22,110mm Vent Cowl UPVC,Nos,5,1.6,8,Material,
R,Second Fix,304,23,110mm Tee UPVC,Nos,104,0.55,57.2,Material,
R,Second Fix,305,24,110mm Endcap UPVC,Nos,41,0.37,15.17,Material,
R,Second Fix,306,25,110mm Threded Endcap UPVC,Nos,100,0.37,37,Material,
R,Second Fix,307,26,160mm Y Branch UPVC,Nos,15,2.9,43.5,Material,
R,Second Fix,308,27,160mm 90 degree Elbow UPVC,Nos,12,1.7,20.4,Material,
R,Second Fix,309,28,160mm 45 degree Elbow UPVC,Nos,10,1.75,17.5,Material,
R,Second Fix,310,29,160mm*110mm reducer Y UPVC,Nos,23,2.94,67.62,Material,
R,Second Fix,311,30,160mm Threded Endcap UPVC,Nos,10,0.95,9.5,Material,
R,Second Fix,312,31,Floor trape 4*3*1.5mm UPVC,Nos,90,0.94,84.6,Material,
R,Second Fix,313,32,4*4*6 Gully Trap UPVC,Nos,3,3,9,Material,
R,Second Fix,314,33,Rain Water Outlet UPVC,Nos,8,4.5,36,Material,
R,Second Fix,315,34,25mm HPVC 90 degree elbow,Nos,480,0.09,43.199999999999996,Material,
R,Second Fix,316,35,25mm HPVC 45 degree elbow,Nos,110,0.09,9.9,Material,
R,Second Fix,317,36,25mm HPVC Tee,Nos,56,0.13,7.28,Material,
R,Second Fix,318,37,40mm UPVC *25mm HPVC Reducer,Nos,80,0.23,18.400000000000002,Material,
R,Second Fix,319,38,Rubber Insulation 25mm,Nos,5,0.1,0.5,Material,
R,Second Fix,320,39,40mm Dia HPVC Isolation Valve,Nos,3,1.2,3.5999999999999996,Material,
R,Second Fix,321,40,Exhaust Fan Flexible,Nos,108,2.3,248.39999999999998,Material,
R,Second Fix,322,41,Aluminum Tape,Nos,22,0.39,8.58,Material,
R,Second Fix,323,42,Cable Tie for Exhaust Fan,Nos,10,0.95,9.5,Material,
R,Second Fix,324,43,Slotted Channel,Nos,99,1.75,173.25,Material,
R,Second Fix,325,44,Rubber Clamp 160,Nos,101,0.44,44.44,Material,
R,Second Fix,326,45,Rubber Clamp 110,Nos,130,0.31,40.3,Material,
R,Second Fix,327,46,Rubber Clamp 82,Nos,100,0.28,28.000000000000004,Material,
R,Second Fix,328,47,Rubber Clamp 63,Nos,28,0.17,4.760000000000001,Material,
R,Second Fix,329,48,Rubber Clamp 50,Nos,52,0.15,7.8,Material,
R,Second Fix,330,49,Rubber Clamp 40,Nos,0,0,0,Material,
R,Second Fix,331,50,Rubber Clamp 32,Nos,660,0.15,99,Material,
R,Second Fix,332,51,Rubber Clamp 25,Nos,650,0.13,84.5,Material,
R,Second Fix,333,52,25mm 90 Degree Elbow PPR,Nos,1020,0.09,91.8,Material,
R,Second Fix,334,53,25mm 45 Degree Elbow PPR,Nos,418,0.09,37.62,Material,
R,Second Fix,335,54,25mm Tee PPR,Nos,438,0.13,56.940000000000005,Material,
R,Second Fix,336,55,25mm * 15mm female Elbow,Nos,632,0.47,297.03999999999996,Material,
R,Second Fix,337,56,25mm Isolation Valve,Nos,120,0.6,72,Material,
R,Second Fix,338,57,32mm 90 degree Elbow PPR,Nos,380,0.19,72.2,Material,
R,Second Fix,339,58,32mm 45 dgree Elbow PPR,Nos,112,0.18,20.16,Material,
R,Second Fix,340,59,32mm Tee PPR,Nos,112,0.2,22.400000000000002,Material,
R,Second Fix,341,60,32mm*25mm Reducer PPR,Nos,0,0,0,Material,
R,Second Fix,342,61,32mm isolation valve PPR,Nos,8,0.95,7.6,Material,
R,Second Fix,343,62,25mm socket PPR,Nos,34,0.08,2.72,Material,
R,Second Fix,344,63,32mm socket PPR,Nos,0,0,0,Material,
R,Second Fix,345,64,40mm socket PPR,Nos,34,0.4,13.600000000000001,Material,
R,Second Fix,346,65,40mm 90 degree elbow PPR,Nos,138,0.4,55.2,Material,
R,Second Fix,347,66,40MM 45 degree elbow PPR,Nos,80,0.35,28,Material,
R,Second Fix,348,67,40mm*32mm Reducer PPR,Nos,32,0.22,7.04,Material,
R,Second Fix,349,68,40mm*25mm Reducer PPR,Nos,69,0.2,13.8,Material,
R,Second Fix,350,69,63mm PPR Pipe,Nos,38,9.1,345.8,Material,
R,Second Fix,351,70,63mm 90 degree Elbow PPR,Nos,38,1.17,44.459999999999994,Material,
R,Second Fix,352,71,63mm 45 degree Elbow PPR,Nos,4,0.99,3.96,Material,
R,Second Fix,353,72,63mm Tee PPR,Nos,23,1.45,33.35,Material,
R,Second Fix,354,73,63mm*40mm Reducer PPR,Nos,7,0.55,3.8500000000000005,Material,
R,Second Fix,355,74,63mm mail Thred adaptor PPR,Nos,4,4.9,19.6,Material,
R,Second Fix,356,75,63mm Socket PPR,Nos,16,0.65,10.4,Material,
R,Second Fix,357,76,63mm Isolation Valve PPR,Nos,7,2.3,16.099999999999998,Material,
R,Second Fix,358,77,25mm*15mm Male adaptor PPR,Nos,31,0.5,15.5,Material,
R,Second Fix,359,78,25mm*15mm FeMale adaptor PPR,Nos,31,0.5,15.5,Material,
R,Second Fix,360,79,40mm isolation Valve PPR,Nos,34,3.1,105.4,Material,
R,Second Fix,361,80,Equilibriul ball valve PPR,Nos,5,4.5,22.5,Material,
R,Second Fix,362,81,Solvent Cement,Nos,135,1.5,202.5,Material,
R,Second Fix,363,82,10mm Nut Washer,Nos,3900,0.01,39,Material,
R,Second Fix,364,83,Tread Rod,Nos,70,0.48,33.6,Material,
R,Second Fix,365,84,10mm Unifix,Nos,2700,0.02,54,Material,
R,Second Fix,366,85,"50mm*1 1/2"" dia male adaptor PPR",Nos,2,3.5,7,Material,
R,Second Fix,367,86,50mm dia 90 Elbow PPR,Nos,19,0.57,10.829999999999998,Material,
R,Second Fix,368,87,50mm * 25mm reducer,Nos,5,0.28,1.4000000000000001,Material,
R,Second Fix,369,88,50mm PPR Pipe,Nos,33,4.57,150.81,Material,
R,Second Fix,370,89,50mm dia Union PPR,Nos,3,2.25,6.75,Material,
R,Second Fix,371,90,50mm dia isolation Valve PPR,Nos,6,1.3,7.800000000000001,Material,
R,Second Fix,372,91,50mm * 20mm reducer PPR,Nos,6,0.65,3.9000000000000004,Material,
R,Second Fix,373,92,Pressure Gauge,Nos,1,16,16,Material,
R,Second Fix,374,93,"15mm GI Testing plug, Taflon Tape",Nos,1,35,35,Material,
R,Second Fix,375,94,40mm dia HPVC Pipe,Nos,15,1.85,27.75,Material,
R,Second Fix,376,95,40mm HPVC dia 90 Elbow,Nos,8,0.25,2,Material,
R,Second Fix,377,96,NRV 50 dia,Nos,1,4.8,4.8,Material,
R,Second Fix,378,97,40mm PPR Pipe,Nos,136,3.35,455.6,Material,
R,Second Fix,379,98,GRP Material,Nos,0,0,0,Material,
R,Second Fix,380,99,Silicon,Nos,70,0.43,30.099999999999998,Material,
R,Second Fix,381,100,Water Tank - 1000 USG,Nos ,3,150,450,Material,
R,Second Fix,382,101,Water Tank - 800 USG,Nos,3,120,360,Material,
R,Second Fix,383,102,Sump Pump,Nos,1,200,200,Material,
R,Second Fix,384,103,Transfer Pump,Nos,1,300,300,Material,
R,Second Fix,385,104,Booster Pump,Nos,3,200,600,Material,
S,Sanitary Items,388,1,"EWC assembly, floor mounted type, complete with seat, including flush valve assembly and installation.",Nos,72,37,2664,Material,
S,Sanitary Items,389,2,EWC for Handicap,Nos,1,40,40,Material,
S,Sanitary Items,390,3,Hand Spray,Nos,73,5,365,Material,
S,Sanitary Items,391,4,"1/2"" 2 feet Flexible & 1/2"" x 1/2"" Angle valve",Nos,146,0.9,131.4,Material,
S,Sanitary Items,392,5,"1/2"" x 1/2"" Angle Valve",Nos,146,0.9,131.4,Material,
S,Sanitary Items,393,6,Wash Basin,Nos,73,14,1022,Material,
S,Sanitary Items,394,7,"1 1/4""Bottle trap",Nos,73,2,146,Material,
S,Sanitary Items,395,8,"1/2""*3/4"" Angle Valve",Nos,146,0.9,131.4,Material,
S,Sanitary Items,396,9,Wash Basin Mixture With Connection Hose,Nos,73,14,1022,Material,
S,Sanitary Items,397,10,"Kitchen sink 11/4"" bottle trap",Nos,36,2,72,Material,
S,Sanitary Items,398,11,"1/2""*3/4"" Angle Valve",Nos,72,0.9,64.8,Material,
S,Sanitary Items,399,12,Sink Mixture with connection Hose,Nos,36,2,72,Material,
S,Sanitary Items,400,13,Shower Tray,Nos,1,12,12,Material,
S,Sanitary Items,401,14,Shower mixer with head,Nos,36,9,324,Material,
S,Sanitary Items,402,15,Rob Hook,Nos,73,2,146,Material,
S,Sanitary Items,403,16,Soap Tray,Nos,36,2.8,100.8,Material,
S,Sanitary Items,404,17,Towel Rod,Nos,73,4,292,Material,
S,Sanitary Items,405,18,Paper Holder,Nos ,75,4.4,330,Material,
S,Sanitary Items,406,19,Mirror 60*80cm,Nos ,73,2,146,Material,
S,Sanitary Items,407,20,"1/2""*3/8""Angle Valves",Nos ,36,0.9,32.4,Material,
S,Sanitary Items,408,21,Garden Trap Brass,Nos ,2,1.2,2.4,Material,
S,Sanitary Items,409,22,30ltr water Heater,Nos,35,27,945,Material,
S,Sanitary Items,410,23,50ltr water Heater,Nos,36,27,972,Material,
S,Sanitary Items,411,24,Transportation Charges,Ls,1,500,500,Material,
S,Sanitary Items,412,25,Exhaust Fan & Grill Both side,Nos,73,12.3,897.9000000000001,Material,
S,Sanitary Items,413,26,Grill For Exhaust Fan Inside,Nos,73,1.15,83.94999999999999,Material,
S,Sanitary Items,414,27,Grill For Exhaust Fan Outside,Nos,73,0.75,54.75,Material,
S,Sanitary Items,415,28,Floor Drain for the Bath Room,Nos,73,1.8,131.4,Material,
S,Sanitary Items,416,29,Floor drain for the kitchen,Nos,36,1.8,64.8,Material,
S,Sanitary Items,417,30,Floor Drain Balcony,Nos,35,1.2,42,Material,
S,Sanitary Items,418,31,Manhole cover 60*60 Fibre Cover,Nos,6,13.85,83.1,Material,
S,Sanitary Items,419,32,Manhole cover 60*60 DI Cover,Nos,1,55,55,Material,
S,Sanitary Items,420,33,Gully trap cover - 450*450,Nos,2,3.9,7.8,Material,
S,Sanitary Items,421,34,Man hole cover 1000*1000 for water meter chamber,Nos,1,20.4,20.4,Material,
S,Sanitary Items,422,35,Floor grating 300*300 for service floor,Nos,7,3,21,Material,
T,Air Conditioning Items,425,1,1.5 Ton AC - Malaysia,Nos,29,188,5452,Material,
T,Air Conditioning Items,426,2,1.5 Ton AC - China,Nos,42,146,6132,Material,
T,Air Conditioning Items,427,3,2 Ton AC - Malaysia,Nos,14,217,3038,Material,
T,Air Conditioning Items,428,4,2 Ton AC - China,Nos,21,173,3633,Material,
T,Air Conditioning Items,429,5,Cassette AC for S/F Lift Lobby,Nos,1,249,249,Material,
T,Air Conditioning Items,430,6,Split AC Lift Loby for Roof,Nos,1,146,146,Material,
T,Air Conditioning Items,431,7,AC for Shop,Nos,12,249,2988,Material,
T,Air Conditioning Items,432,8,Foster,Nos,6,5.5,33,Material,
T,Air Conditioning Items,433,9,Cora Cloth,Nos,21,1.8,37.800000000000004,Material,
T,Air Conditioning Items,434,10,Slotted Channel,Nos,8,2.5,20,Material,
T,Air Conditioning Items,435,11,Threded Rod,Nos,18,0.47,8.459999999999999,Material,
T,Air Conditioning Items,436,12,Nut Washer,Nos,260,0.05,13,Material,
T,Air Conditioning Items,437,13,Sub Contractor for AC Installation,Nos,120,8,960,Subcontract,
T,Air Conditioning Items,438,14,Copper Piping,M,1325,3.9,5167.5,Material,
T,Air Conditioning Items,439,15,AC Frame Works,Ls,1,600,600,Material,
U,Main Connections,442,1,Main Connection of water Supply,Ls,1,1650,1650,Material,
U,Main Connections,443,2,Water Meter,Nos,36,105,3780,Material,
U,Main Connections,444,2,Haya Main Connection,Ls,1,210,210,Material,
U,Main Connections,445,3,Fire Consultant Fees,Ls,1,300,300,Overhead,
U,Main Connections,446,4,Fire Fighting subcontractor,Ls,1,5000,5000,Subcontract,
